{
    "planets":  {
                    "Sun":  {
                                "longitude":  123.76674075,
                                "sign":  "Leo",
                                "degree":  3.77
                            },
                    "Moon":  {
                                 "longitude":  206.26789697222225,
                                 "sign":  "Libra",
                                 "degree":  26.27
                             },
                    "Mercury":  {
                                    "longitude":  125.79631561111111,
                                    "sign":  "Leo",
                                    "degree":  5.8
                                },
                    "Venus":  {
                                  "longitude":  97.7517393888889,
                                  "sign":  "Cancer",
                                  "degree":  7.75
                              },
                    "Mars":  {
                                 "longitude":  205.88697677777776,
                                 "sign":  "Libra",
                                 "degree":  25.89
                             },
                    "Jupiter":  {
                                    "longitude":  211.68974061111112,
                                    "sign":  "Scorpio",
                                    "degree":  1.69
                                },
                    "Saturn":  {
                                   "longitude":  196.70984305555555,
                                   "sign":  "Libra",
                                   "degree":  16.71
                               },
                    "Uranus":  {
                                   "longitude":  240.65025383333335,
                                   "sign":  "Sagittarius",
                                   "degree":  0.65
                               },
                    "Neptune":  {
                                    "longitude":  264.69382961111114,
                                    "sign":  "Sagittarius",
                                    "degree":  24.69
                                },
                    "Pluto":  {
                                  "longitude":  204.259223,
                                  "sign":  "Libra",
                                  "degree":  24.26
                              },
                    "North Node":  {
                                       "longitude":  103.17270516666667,
                                       "sign":  "Cancer",
                                       "degree":  13.17
                                   },
                    "Lilith":  {
                                   "longitude":  274.03272325,
                                   "sign":  "Capricorn",
                                   "degree":  4.03
                               },
                    "Chiron":  {
                                   "longitude":  57.02493888888889,
                                   "sign":  "Taurus",
                                   "degree":  27.02
                               },
                    "Ceres":  {
                                  "longitude":  225.20169783333333,
                                  "sign":  "Scorpio",
                                  "degree":  15.2
                              },
                    "Pallas":  {
                                   "longitude":  194.64874066666667,
                                   "sign":  "Libra",
                                   "degree":  14.65
                               },
                    "Juno":  {
                                 "longitude":  265.84674630555554,
                                 "sign":  "Sagittarius",
                                 "degree":  25.85
                             },
                    "Vesta":  {
                                  "longitude":  320.9269935277778,
                                  "sign":  "Aquarius",
                                  "degree":  20.93
                              }
                },
    "houses":  {
                   "1":  {
                             "longitude":  131.80698752777778,
                             "sign":  "Leo",
                             "degree":  11.81
                         },
                   "2":  {
                             "longitude":  151.86499577777778,
                             "sign":  "Virgo",
                             "degree":  1.86
                         },
                   "3":  {
                             "longitude":  176.89987141666666,
                             "sign":  "Virgo",
                             "degree":  26.9
                         },
                   "4":  {
                             "longitude":  208.79092433333332,
                             "sign":  "Libra",
                             "degree":  28.79
                         },
                   "5":  {
                             "longitude":  246.0477478611111,
                             "sign":  "Sagittarius",
                             "degree":  6.05
                         },
                   "6":  {
                             "longitude":  281.84615633333334,
                             "sign":  "Capricorn",
                             "degree":  11.85
                         },
                   "7":  {
                             "longitude":  311.8069875277778,
                             "sign":  "Aquarius",
                             "degree":  11.81
                         },
                   "8":  {
                             "longitude":  331.8649957777778,
                             "sign":  "Pisces",
                             "degree":  1.86
                         },
                   "9":  {
                             "longitude":  356.89987141666666,
                             "sign":  "Pisces",
                             "degree":  26.9
                         },
                   "10":  {
                              "longitude":  28.790924333333336,
                              "sign":  "Aries",
                              "degree":  28.79
                          },
                   "11":  {
                              "longitude":  66.0477478611111,
                              "sign":  "Gemini",
                              "degree":  6.05
                          },
                   "12":  {
                              "longitude":  101.84615633333333,
                              "sign":  "Cancer",
                              "degree":  11.85
                          }
               },
    "chart_points":  {
                         "Ascendant":  {
                                           "longitude":  131.80698752777778,
                                           "sign":  "Leo",
                                           "degree":  11.81
                                       },
                         "Midheaven":  {
                                           "longitude":  28.790924333333336,
                                           "sign":  "Aries",
                                           "degree":  28.79
                                       },
                         "ARMC":  {
                                      "longitude":  26.756981083333333,
                                      "sign":  "Aries",
                                      "degree":  26.76
                                  },
                         "Vertex":  {
                                        "longitude":  270.16435433333334,
                                        "sign":  "Capricorn",
                                        "degree":  0.16
                                    },
                         "Descendant":  {
                                            "longitude":  311.8069875277778,
                                            "sign":  "Aquarius",