{
    "planets":  {
                    "Sun":  {
                                "longitude":  82.05255355555555,
                                "sign":  "Gemini",
                                "degree":  22.05
                            },
                    "Moon":  {
                                 "longitude":  336.16424919444444,
                                 "sign":  "Pisces",
                                 "degree":  6.16
                             },
                    "Mercury":  {
                                    "longitude":  66.62935011111111,
                                    "sign":  "Gemini",
                                    "degree":  6.63
                                },
                    "Venus":  {
                                  "longitude":  45.75011694444444,
                                  "sign":  "Taurus",
                                  "degree":  15.75
                              },
                    "Mars":  {
                                 "longitude":  186.2065277222222,
                                 "sign":  "Libra",
                                 "degree":  6.21
                             },
                    "Jupiter":  {
                                    "longitude":  210.74661569444444,
                                    "sign":  "Scorpio",
                                    "degree":  0.75
                                },
                    "Saturn":  {
                                   "longitude":  195.51893572222224,
                                   "sign":  "Libra",
                                   "degree":  15.52
                               },
                    "Uranus":  {
                                   "longitude":  241.80229302777778,
                                   "sign":  "Sagittarius",
                                   "degree":  1.8
                               },
                    "Neptune":  {
                                    "longitude":  265.7710914722222,
                                    "sign":  "Sagittarius",
                                    "degree":  25.77
                                },
                    "Pluto":  {
                                  "longitude":  204.2396323611111,
                                  "sign":  "Libra",
                                  "degree":  24.24
                              },
                    "North Node":  {
                                       "longitude":  103.4788756388889,
                                       "sign":  "Cancer",
                                       "degree":  13.48
                                   },
                    "Lilith":  {
                                   "longitude":  269.18855977777775,
                                   "sign":  "Sagittarius",
                                   "degree":  29.19
                               },
                    "Chiron":  {
                                   "longitude":  54.75923022222222,
                                   "sign":  "Taurus",
                                   "degree":  24.76
                               },
                    "Ceres":  {
                                  "longitude":  223.51597041666668,
                                  "sign":  "Scorpio",
                                  "degree":  13.52
                              },
                    "Pallas":  {
                                   "longitude":  184.06038869444447,
                                   "sign":  "Libra",
                                   "degree":  4.06
                               },
                    "Juno":  {
                                 "longitude":  274.83042719444444,
                                 "sign":  "Capricorn",
                                 "degree":  4.83
                             },
                    "Vesta":  {
                                  "longitude":  323.9181095277778,
                                  "sign":  "Aquarius",
                                  "degree":  23.92
                              }
                },
    "houses":  {
                   "1":  {
                             "longitude":  176.3545273611111,
                             "sign":  "Virgo",
                             "degree":  26.35
                         },
                   "2":  {
                             "longitude":  201.42070074999998,
                             "sign":  "Libra",
                             "degree":  21.42
                         },
                   "3":  {
                             "longitude":  231.5039131388889,
                             "sign":  "Scorpio",
                             "degree":  21.5
                         },
                   "4":  {
                             "longitude":  265.6401273611111,
                             "sign":  "Sagittarius",
                             "degree":  25.64
                         },
                   "5":  {
                             "longitude":  300.01078622222224,
                             "sign":  "Aquarius",
                             "degree":  0.01
                         },
                   "6":  {
                             "longitude":  330.60363994444447,
                             "sign":  "Pisces",
                             "degree":  0.6
                         },
                   "7":  {
                             "longitude":  356.35452736111114,
                             "sign":  "Pisces",
                             "degree":  26.35
                         },
                   "8":  {
                             "longitude":  21.42070075,
                             "sign":  "Aries",
                             "degree":  21.42
                         },
                   "9":  {
                             "longitude":  51.50391313888889,
                             "sign":  "Taurus",
                             "degree":  21.5
                         },
                   "10":  {
                              "longitude":  85.64012736111111,
                              "sign":  "Gemini",
                              "degree":  25.64
                          },
                   "11":  {
                              "longitude":  120.01078622222222,
                              "sign":  "Leo",
                              "degree":  0.01
                          },
                   "12":  {
                              "longitude":  150.60363994444444,
                              "sign":  "Virgo",
                              "degree":  0.6
                          }
               },
    "chart_points":  {
                         "Ascendant":  {
                                           "longitude":  176.3545273611111,
                                           "sign":  "Virgo",
                                           "degree":  26.35
                                       },
                         "Midheaven":  {
                                           "longitude":  85.64012736111111,
                                           "sign":  "Gemini",
                                           "degree":  25.64
                                       },
                         "ARMC":  {
                                      "longitude":  85.24966913888889,
                                      "sign":  "Gemini",
                                      "degree":  25.25
                                  },
                         "Vertex":  {
                                        "longitude":  350.6658738055555,
                                        "sign":  "Pisces",
                                        "degree":  20.67
                                    },
                         "Descendant":  {
                                            "longitude":  356.3545273611111,
                                            "sign":  "Pisces",